period,brent,coal,coffee,nickel,metal,commodity_idx
1992Q1,17.97520421607378,39.5,70.74115151515151,7616.530598958333,47.82940186132222,37.60523819672572
1992Q2,20.06183261183261,39.5,62.255707070707075,7318.087239583333,48.65322915999267,39.085403232105044
1992Q3,20.135860154338413,39.5,54.45870725892465,7238.165364583333,50.14116121421521,38.58224341118235
1992Q4,19.260054269402097,35.75,59.49399585921325,5889.135091145833,44.892083243015556,36.49915614831841
1993Q1,18.265083850931678,32.333333333333336,67.97895065562456,5991.25439453125,43.88247045297882,35.13296083563905
1993Q2,18.331637806637808,31.0,61.08801587301588,5769.869303385417,40.780315159581725,34.14037971574987
1993Q3,16.594999999999995,31.0,75.92939393939395,4722.567708333333,39.65170429790431,32.95414884039886
1993Q4,15.147315389924083,31.0,79.47819279754061,4748.9765625,37.491932031587766,31.55960217052317
1994Q1,13.93776984126984,30.5,83.26572118702553,5668.194173177083,41.210150779256864,30.752897367292828
1994Q2,16.206724386724385,31.5,113.82178210678207,5923.388509114583,44.02915590047067,34.9455154713189
1994Q3,17.025335654683477,33.1,206.41000658761527,6152.463053385417,48.09367351125959,39.268726504076135
1994Q4,16.66880230880231,34.1,185.89839105339104,7583.684244791667,55.40484686910478,39.419928629907645
1995Q1,17.053870882740448,37.68333333333334,172.59135046113306,8516.610514322916,58.908724632277305,40.986251371266505
1995Q2,18.285002635046116,38.88,168.3619446640316,7514.884602864583,56.225819009160155,42.287804503311285
1995Q3,16.342691511387162,40.95333333333333,142.80883367839888,8649.022786458334,58.77907044211013,40.137675195703686
1995Q4,17.11342712842713,39.97,119.57148629148627,8213.723307291666,56.15622854858316,39.73222715296928
1996Q1,18.59697722567288,39.22,117.84994478951,8038.5380859375,54.19505464404049,41.003807685372195
1996Q2,19.699028326745722,38.57666666666667,125.5029446640316,7934.338216145833,53.30113232848162,42.261826464140796
1996Q3,21.13404009034444,38.28333333333333,123.00699259677522,7190.012532552083,48.01435591826308,43.09374321165464
1996Q4,23.804074283204717,36.21666666666667,121.528134136395,6853.486002604167,48.24568359510568,44.894717272600055
1997Q1,21.361891994478952,34.776666666666664,163.65583609385783,7566.30859375,52.491388014909035,44.034074238276055
1997Q2,18.274906204906205,35.21,232.6025901875902,7283.04541015625,52.59266580057258,42.54928951418116
1997Q3,18.651351402220968,36.36,190.70728464771946,6698.49169921875,51.4266111534176,42.10540003694948
1997Q4,18.95314492753623,34.050000000000004,168.74673188405797,6151.036295572917,47.113441567957125,40.702080781134114
1998Q1,14.44548484848485,32.24,171.22587878787877,5417.76513671875,43.56461045672725,34.68966355477206
1998Q2,13.792402597402598,30.486666666666668,138.61860028860028,4954.915690104167,42.22515158678158,32.347022815013744
1998Q3,12.767566346696784,27.763333333333332,117.84417937135329,4170.509440104167,40.09627175706124,29.413321299766753
1998Q4,11.4994227994228,26.433333333333337,114.18842148189974,3951.1559244791665,38.25386366357095,27.291689265060445
1999Q1,11.500461352657007,26.100000000000005,108.04059765355417,4630.068181818183,36.871909922792376,27.174534486390186
1999Q2,15.767575757575756,26.100000000000005,107.433556998557,5215.104066985647,39.258280443461494,32.107849606468214
1999Q3,20.92651515151515,26.100000000000005,90.60515151515152,6385.627705627707,43.44177479807407,36.832769341333275
1999Q4,24.238324863542257,25.26666666666667,109.458391367087,7779.224174518294,45.98614379456617,40.73367265770331
2000Q1,27.052719116632158,25.100000000000005,105.51515527950313,9384.800000000001,49.76850809898091,43.37641706232372
2000Q2,27.147299736495388,25.433333333333337,91.01672595520422,9417.91040843216,47.798110414416975,42.74438983414241
2000Q3,31.294630779848173,26.116666666666664,80.93178053830228,8279.35127674258,48.058774709326705,45.29843270524026
2000Q4,29.886450216450214,28.349999999999998,71.35277777777777,7440.00909090909,46.10419721115326,44.232236770766406
2001Q1,26.240348484848482,32.26666666666667,66.53133926218709,6562.630303030303,45.22712805381766,42.246369812554974
2001Q2,27.486721877156658,33.73333333333333,66.49170462387853,6707.973544973543,43.85246405442947,43.723888365858684
2001Q3,25.521483530961792,33.53333333333333,58.84655599472992,5515.277272727274,39.78185744389762,40.809161449650745
2001Q4,19.606497270845097,29.71666666666667,57.26693048497396,5092.641439975197,38.31535291510978,34.29320101259287
2002Q1,21.526331953071082,29.5,60.47650655624568,6214.83787878788,40.99149294445694,36.60669145864086
2002Q2,25.287673254281952,28.040000000000003,61.7842509881423,6958.53415103415,41.94601707354243,39.51365142929196
2002Q3,26.9495928226363,24.45,57.16922422987641,6846.50172532781,40.706887959778754,38.84403914976582
2002Q4,26.6967858711337,26.25,66.4182912980739,7113.3519668737035,41.67485460599014,40.25919497696026
2003Q1,31.21309696342305,26.589285714285698,64.51335783298826,8326.775288600287,45.20613586811547,44.0892666235536
2003Q2,26.10540404040404,25.303571428571434,63.94525252525252,8372.424603174602,45.13514286988309,39.749781916847034
2003Q3,28.422033063554807,27.276785714285733,64.41772915490307,9395.782575757576,47.93278773212368,42.76189969793051
2003Q4,29.375876811594207,32.6473214285714,63.81510869565218,12425.955710835056,55.25765830595765,46.621379433620746
2004Q1,31.733722002635048,45.87053571428573,75.437755599473,14658.408937198066,66.54254713625288,55.25551025276404
2004Q2,35.46150072150072,60.44196428571427,78.39742424242424,12517.956299840509,64.68871894550522,62.61560327885491
2004Q3,41.25560606060606,62.85714285714287,76.34727272727274,14030.016955266956,67.33158821035437,68.59279539441508
2004Q4,44.48349300457996,57.75000000000003,91.73564684108162,14077.654884559886,70.35978096575188,71.36561912201671
2005Q1,47.70829744651484,54.95267857142857,120.92487060041407,15406.418253968253,80.24620758354565,76.32140979612416
2005Q2,52.24294372294372,54.84375,126.3610533910534,16417.921717171717,81.7185646429681,80.58920839469968
2005Q3,61.61250423489554,51.182629870129865,105.87446452098625,14568.046897546898,82.2288376015822,83.62651421117513
2005Q4,57.17164502164502,42.28619356833644,106.25528860028861,12718.8715007215,87.16975500321496,76.29049093609203
2006Q1,62.28809156785244,49.9250776397516,118.99352371541504,14853.595928226363,102.1036108434863,85.89055716524645
2006Q2,70.02757575757576,56.034297052154194,109.37220355731228,19915.3771043771,127.64315711298853,95.65445927212309
2006Q3,70.02284334023464,54.825255102040835,108.85142857142857,28785.732323232325,141.12008866343012,97.38654081462924
2006Q4,60.08046176046176,50.13845693779907,120.41827561327561,32947.75119617225,149.51505188835304,90.0467957771319
2007Q1,58.276605401844535,56.231249999999996,121.26999472990781,41341.68939393939,156.40005239200528,92.84641514620972
2007Q2,68.67578329882677,59.88627819548873,115.78327122153208,47763.8596491228,181.34783093569482,103.60564018090915
2007Q3,74.73940843214757,73.72727272727276,122.94251712779972,30199.421212121215,156.88795548675012,111.56654728768375
2007Q4,88.91942625007842,90.51199144105321,134.45972708450967,29238.397306397306,148.02415190826687,129.3473925677681
2008Q1,96.65867494824018,126.04570476515977,148.77753623188406,28977.592579934688,165.61101649569545,150.21591390551362
2008Q2,122.21864357864358,147.26756725417434,142.9659018759019,25665.296536796537,163.7906082448308,174.1446755154953
2008Q3,115.38038270907835,177.66276115189166,145.6847142229751,19000.20671936759,146.67502179897178,174.57658025519706
2008Q4,55.06290579710145,101.11915150842924,121.42171014492753,10922.766045548655,101.06003162317243,96.3921227750281
2009Q1,44.22259090909091,77.27884121830543,128.60292424242425,10561.476551226551,95.8600039544552,80.49947237246576
2009Q2,58.86683982683983,69.69962833219407,145.1173088023088,12998.68086124402,106.07330943935769,93.16337708481562
2009Q3,68.33647813539118,76.21727837380007,146.38991028295376,17599.31755599473,135.3451367422194,106.04822706773729
2009Q4,74.8982894158981,81.44291125541116,154.90888732040904,17507.476551226548,148.4680677132417,114.40227446947625
2010Q1,76.67483712905452,99.4673524844718,160.33827432712218,19977.757971014493,174.02311089245245,124.67184871527624
2010Q2,78.84503607503608,105.79380553656866,177.88725829725828,22456.59848484848,188.39073496437697,131.54659008345237
2010Q3,76.675,99.94189084724803,212.50560606060606,21229.14826839827,177.06147160882492,129.65141282411162
2010Q4,87.03316017316017,113.19220779220767,233.46522931175107,23576.49242424242,203.8752666710731,146.4688720619038
2011Q1,105.36942408557626,137.19643633540332,281.40720186335403,26914.58260869565,227.04549366529076,175.88396524131613
2011Q2,117.54190476190477,129.28348845598833,288.8413203463204,24305.882828282833,219.90154730110012,182.10059908365633
2011Q3,113.26694773825211,129.00438311688333,271.1141059664973,22030.07503607504,212.85762616799744,176.08777671403791
2011Q4,109.97862914862917,122.94482529375368,243.0696031746032,18386.02837301587,177.62220578951576,165.71347697540457
2012Q1,118.42796536796537,120.734508348794,220.87344877344876,19654.36417748918,186.06337481380274,170.20465825378878
2012Q2,109.0604071773637,102.30931305536537,181.50000690131128,17154.939393939392,177.43568896599174,151.0907122440853
2012Q3,110.13382674571805,92.66735389610376,181.41575230566536,16373.45340909091,159.16448021161668,146.5174574240573
2012Q4,110.42449149883934,90.06039146779979,161.9771246627768,16984.20092226614,165.72666502170728,144.23049029738706
2013Q1,112.8671801242236,98.20540584415556,152.10149551414767,17305.289393939394,180.59289773773347,149.0484264386783
2013Q2,103.09964492753623,92.00062074829917,145.07746837944663,14952.60357142857,159.40491211238609,137.1292272081205
2013Q3,110.26686805947672,82.57990239574075,135.27430359495577,13953.32332643202,160.0466035566362,136.14857674894105
2013Q4,109.61320879603487,87.75045437740305,125.48408181190787,13908.738026224979,161.63332725876944,136.8093105477933
2014Q1,108.2110172532781,83.58475958565232,173.4161425120773,14660.96507936508,154.19160509255858,139.44166843732572
2014Q2,110.0256204906205,78.2346088435373,211.8625901875902,18467.82817460317,149.04438043711795,142.8271799479804
2014Q3,102.57241357676143,73.27069522868423,206.795606374302,18584.21587615283,146.6405003753747,135.0031421724438
2014Q4,76.57273188405797,67.82586217095523,209.34924637681158,15860.489061421671,131.21531857855732,112.74915023150182
2015Q1,54.57057575757576,67.9068004019789,176.41692424242424,14392.84265873016,116.43545578022604,92.1622616218134
2015Q2,62.546724386724385,63.324601845522835,160.7451948051948,13055.831459330142,113.35143096890467,95.13038592167202
2015Q3,50.797943095551794,63.213955392433526,152.5055577514273,10578.881093544138,101.19706716184658,83.68910188242121
2015Q4,44.17560637430203,56.3248531230673,149.9470666290231,9422.982864357866,91.43403522974472,74.60513632396298
2016Q1,35.19993098688751,54.21525510204069,150.25440303657697,8507.679166666667,90.50030197019937,65.55299434649919
2016Q2,46.98091630591631,55.138129251700526,158.28814574314575,8822.519805194805,96.63671152054542,76.9971688096452
2016Q3,47.00918784114436,70.70639301175002,171.86685613903003,10263.54329004329,100.89638593509056,84.0360589228891
2016Q4,51.126269841269846,100.2674482065551,174.9505339105339,10786.974062049063,111.96660057416467,97.35883483299378
2017Q1,54.820708827404474,87.9092088139602,165.03805401844534,10273.142443064182,125.76864477216782,97.05796991148588
2017Q2,51.00169169960475,85.30081941867637,149.5989090909091,9232.052729677729,112.80588304876994,90.68717756133752
2017Q3,52.246259489302965,99.44046072974622,148.74690821256038,10532.385281385279,123.43509285454722,96.75558776538028
2017Q4,61.47900432900433,103.90182843472299,139.6399422799423,11600.95933014354,126.74514466337024,106.08486020257955
2018Q1,67.15914953886693,109.71267084106368,136.69955928853753,13284.416666666666,135.5656712332499,113.45145982424559
2018Q2,74.89002070393376,110.04096088435357,134.66096618357486,14470.080952380953,134.51856268775362,120.14097291425661
2018Q3,76.08113175230567,123.68329545454499,125.66316864295125,13238.52196969697,125.51079880402966,122.87973514472343
2018Q4,68.32006995420039,109.48621430057334,133.83601261057782,11463.235966645863,125.55425901573756,112.71590623479287
2019Q1,63.75689579020013,102.14277983920817,126.89998757763972,12411.529906204907,131.94420575464252,106.92511561593162
2019Q2,68.3578465085639,85.31958333333317,123.75436166007903,12244.34484126984,140.08870212124452,105.45460961944684
2019Q3,62.12376937072589,71.51458887902966,130.21475531714663,15650.609385783298,138.6065754006434,97.56819494099364
2019Q4,62.5553842775582,69.79599304939352,141.3539412761152,15349.15063837129,130.64183762202012,97.78510029940841
2020Q1,51.17898945981555,71.12040584333333,142.25476482213438,12689.546969696969,126.76467603296413,87.96390763553461
2020Q2,33.37715728715728,57.923689336666676,148.6888816738817,12236.922345295054,123.18214627954787,67.32645480018986
2020Q3,43.43463297571993,51.68679559666666,158.80561453039718,14278.52513551666,147.01823824176967,76.45588415308636
2020Q4,45.34459156785243,67.20190167,153.57853911788698,15956.711847041845,163.07507277840386,84.50956339922894
2021Q1,61.127782953761205,92.90399068333333,164.76646445824704,17618.072144927537,193.601735698414,109.65421616545997
2021Q2,69.13992784992786,111.40258118999999,182.392012987013,17367.63946969697,224.86067702296123,125.01114357462437
2021Q3,73.2469696969697,171.62982373333332,215.4907575757576,19112.227676767678,214.1488819277224,147.79332753289628
2021Q4,79.81131783675262,200.00258196666667,256.1268818620992,19770.268203463198,189.03886555230238,163.20000481912146
2022Q1,97.44312698412698,285.8958307666667,269.9694689440994,26765.042156862746,219.65549029823674,204.73514324433808
2022Q2,111.98735930735933,393.54570356666665,266.53693362193366,29079.92150793651,213.26141876606823,239.463036998806
2022Q3,97.83469414643326,449.61925633333334,263.9608058849364,22096.916841709015,171.02276236855343,225.57923638137314
2022Q4,88.72012987012988,407.61814239999995,221.3963997113997,25527.170346320345,171.6408433808932,206.36087925733784
2023Q1,82.32361330698286,281.5799282666666,219.6433043478261,26096.01638998683,203.8351455428303,181.78007593534414
2023Q2,78.0861304347826,172.85672256666666,219.15393478260867,22379.62009683794,184.23022845581943,153.0264300228866
2023Q3,85.98354727398204,154.10040196666668,187.81009661835745,20394.087674258106,179.60958261759103,151.8783792639069
2023Q4,82.8916810966811,144.07328263333332,197.23167388167386,17244.9743001443,186.51531753741006,146.40172797557915
2024Q1,81.9557142857143,135.7405272,207.1919323671497,16615.830572808834,184.5647616243233,143.74110006465483
2024Q2,84.9819861660079,143.0035714,240.20465744400522,18402.306037549406,192.18493326746344,152.24521108955926
2024Q3,78.7083170211431,147.4575,265.76563303845916,16268.613521237216,179.1744842127454,147.9974806170389
2024Q4,74.0009401468097,148.00392856666667,308.6162949369471,15977.13582031495,183.87374062308655,146.3419324902498
2025Q1,75.04278053830228,114.42178569999999,389.2201514837819,15569.764591442372,184.9313693042631,141.2244815174903
2025Q2,66.95555555555556,105.10642853333333,384.5545815295815,15166.504357864358,178.55896798378083,129.7416294037486
2025Q3,68.13938641069076,116.01571426666668,360.65424336533033,15028.419666227492,187.19073726263696,133.70643293163712
2025Q4,63.161904479578396,114.20642856666666,397.9629604743083,14880.63761594203,204.62070388202167,130.33865250533313
2026Q1,77.80286363636363,126.0267857,339.79159090909087,17320.086621212122,222.34768984443141,147.6106656414371
2026Q2,104.55489510489511,141.78160715,324.37828671328674,18372.075489510487,232.78580956078707,176.6692930729919
