period,year,quarter,domestic_demand_real_cop_billion,total_consumption_real_cop_billion,private_consumption_real_cop_billion,government_consumption_real_cop_billion,investment_real_cop_billion,fixed_investment_real_cop_billion,exports_real_cop_billion,imports_real_cop_billion,gdp_real_cop_billion,domestic_demand_nominal_cop_billion,total_consumption_nominal_cop_billion,private_consumption_nominal_cop_billion,government_consumption_nominal_cop_billion,investment_nominal_cop_billion,fixed_investment_nominal_cop_billion,exports_nominal_cop_billion,imports_nominal_cop_billion,gdp_nominal_cop_billion,trm_avg_cop_per_usd,trm_end_cop_per_usd,net_exports_real_cop_billion,net_exports_nominal_cop_billion,gdp_usd_m
2005Q1,2005,1,113928.89628709466,96825.97428961276,82036.68786589547,14794.445947659111,18548.46447181079,18507.161646577955,19831.47763307455,17191.88706006717,121117.73043670836,81795.15114283546,63367.142022871376,52976.47492377989,10390.667099091486,18428.009119964085,16161.478221533496,12735.508841954626,15075.720277604989,79454.9397071851,2352.3528070175435,2376.48,2639.590573007383,-2340.2114356503625,33776.79550029867
2005Q2,2005,2,124084.40931050594,100409.30209640754,84948.29219640164,15480.99275762658,23912.501721127886,19918.57581516726,22333.865157383003,19339.357669821296,125559.33523959867,83740.7832690801,67086.09800148748,55617.11489308773,11468.983108399754,16654.68526759262,15773.23463796807,14680.257239134353,17002.337349986286,81418.70315822818,2340.3575806451613,2331.81,2994.5074875617065,-2322.0801108519336,34789.00140370159
2005Q3,2005,3,123351.17468360958,102609.15022640373,86762.23384398124,15874.024848814115,21772.334207400105,20553.35930800375,22882.817521835528,20415.211641254748,129223.31345343766,89378.09161657101,68374.7866392811,57447.992261149935,10926.794378131164,21003.304977289907,17247.8385596001,15125.589754826768,17930.06436697389,86573.61700442388,2307.4914516129033,2289.61,2467.6058805807806,-2804.4746121471217,37518.49955669833
2005Q4,2005,4,140033.51971878984,119232.57338757599,94993.78609372162,24225.53644590019,22486.699599661228,26958.90323025105,23076.839687706917,21761.54362885679,138952.62087025528,94806.97397151368,77703.97333635998,63324.41792198243,14379.555414377557,17103.000635153705,21640.448580898334,14813.644164084251,19109.87800543484,90510.74013016309,2283.5172413793102,2284.22,1315.2960588501264,-4296.233841350588,39636.54772997991
2006Q1,2006,1,123815.12281325576,102452.08798068188,86994.133924183,15466.853227954996,22240.98361197826,20661.048367401214,22337.196251130565,19843.49814535493,128839.68114415972,90623.49887994809,70428.04255908304,58930.201884306145,11497.840674776897,20195.456320865054,18455.73259625814,14668.166295204963,17414.265727465347,87877.39944768771,2263.5245762711866,2289.98,2493.6981057756348,-2746.0994322603838,38823.25836835065
2006Q2,2006,2,133231.53227489945,106038.6570604728,90321.97679221311,15749.043812571314,27234.140178588274,22856.19992569241,23616.113288567132,22699.553320554653,132242.90768508735,93837.6966239941,74572.54721222896,62111.5531736962,12460.994038532757,19265.149411765124,18624.27646163952,17271.69990449842,20703.34063416395,90406.05589432854,2434.5737288135592,2633.12,916.5599680124797,-3431.6407296655307,37134.24441591511
2006Q3,2006,3,137786.66469891297,109477.9557075351,92815.41528434926,16695.886790595025,28214.251043044147,25926.200771634016,24648.78525440808,24811.224485159095,139114.40832028733,104164.44162136997,77258.14338398853,64939.83639711366,12318.306986874875,26906.298237381438,22503.38101433988,18122.134694235763,22848.418432369628,99438.1578832361,2428.3075000000003,2394.31,-162.43923075101338,-4726.283738133865,40949.57408945781
2006Q4,2006,4,148804.68021293194,126974.29925131019,100821.47399925461,26132.216168878665,23715.625166389313,32626.550935272367,25910.905205894232,25270.72404893132,149238.00285046562,108945.36287468794,87776.26684469939,71084.408544884,16691.858299815394,21169.096029988556,26573.609927762453,17590.99910606085,22653.97520600107,103882.38677474775,2304.4159649122807,2238.79,640.1811569629135,-5062.976099940217,45079.70277783686
2007Q1,2007,1,135409.58797127064,108438.928926805,92916.64788491499,15579.35029764157,27087.062818168015,26638.7968835264,22749.43964600905,22971.884272095285,137488.51677684105,106256.01345067925,79031.62815666125,66418.99269567548,12612.635460985766,27224.385294018004,24380.936678100912,16099.637704853425,21238.19483474118,101117.45632079149,2221.1393333333335,2190.3,-222.44462608623508,-5138.557129887757,45525.039696200125
2007Q2,2007,2,144784.41871533985,111779.59943631223,95726.89120837528,16128.584155104834,32620.84591160382,29355.03091097881,23879.21606401158,25138.541217427868,141316.49758886755,106573.48839857799,83370.89842472624,69633.99903767435,13736.899387051883,23202.589973851755,23712.809179926764,15636.151948224666,20904.682224391094,101304.95812241157,2022.426551724138,1960.61,-1259.3251534162882,-5268.530276166428,50090.79713478253
2007Q3,2007,3,148604.92214607567,116912.9912771593,99222.6786020415,17750.03861473386,31425.56883748229,30867.009234428984,26699.484676656,27951.173148834445,148649.9666004055,114707.98235750211,86296.04057884542,72445.23811737701,13850.802461468411,28411.94177865669,26581.432439768232,18136.198749422227,22527.931612247983,110316.24949467636,2042.7966101694915,2023.19,-1251.6884721784445,-4391.7328628257565,54002.56146182042
2007Q4,2007,4,160090.0711673139,135459.48035972347,107394.78230466826,27969.02693251974,26290.522432745875,35512.16297106581,29187.859613323373,29399.40136164239,159002.01903388588,119105.51579324075,97441.43283976705,78807.77014927317,18633.662690493875,21664.082953473702,28497.821702204095,20545.011597499688,23883.191328619745,115767.33606212068,2020.5510169491524,2014.76,-211.54174831901764,-3338.179731120057,57294.93345677497
2008Q1,2008,1,143788.10595166913,114402.91978857733,97989.47346100841,16500.732137406052,29447.37431684777,24056.64696248213,25886.59288118899,26870.346507026865,144602.6932996436,114615.71912163432,86987.69175719786,73366.2117726007,13621.47998459716,27628.02736443647,22823.279757612203,19816.891799709785,21789.809860660516,112642.80106068359,1910.8280701754386,1821.6,-983.753625837875,-1972.9180609507312,58949.73117615
2008Q2,2008,2,151865.4884714651,116980.10835839594,99424.30052979474,17630.86310837359,34605.52118918458,30171.63725654416,26784.471003878214,27925.18544291905,148078.9337127267,114933.05947537792,90928.40234822527,75826.74829491455,15101.654053310718,24004.657127152645,25067.986527240817,21019.877241950046,22305.466411728605,113647.47030559936,1766.4467213114754,1923.02,-1140.7144390408357,-1285.5891697785592,64336.766535037794
2008Q3,2008,3,156129.814893965,120931.49169565908,102764.6741710925,18252.409777687135,34765.61571038359,30064.23630391841,26681.821471935124,30610.740344497473,153584.5340116784,126504.88927438046,93688.89235941022,79317.23207938082,14371.6602800294,32815.99691497024,26818.743083845,23580.697761601677,25703.895401868278,124381.69163411386,1900.0296721311474,2174.62,-3928.91887256235,-2123.1976402666005,65463.02589822321
2008Q4,2008,4,168374.59068290083,140192.48015736768,111347.55183810437,28679.994976533228,29271.488783584056,34757.47947705531,25251.11464299766,33249.7277055566,159446.8389759513,134551.33212860776,105957.01353516661,86413.80785310388,19543.205682062737,28594.318593441138,29720.990631301996,21884.533196738495,30553.828325742605,125882.03699960363,2287.9362711864405,2243.59,-7998.613062558939,-8669.29512900411,55019.90531157836
2009Q1,2009,1,145532.07325930198,117214.41306105946,100026.39473328262,17189.97671713751,28674.73363763719,25752.82850046508,24406.00523106796,26942.143289179163,144812.49303091533,122942.77505001999,93938.9121049722,79119.42342654089,14819.488678431315,29003.862945047797,26085.395384943033,20746.911376560358,25019.36810889182,118670.31831768854,2420.261896551724,2561.21,-2536.1380581112026,-4272.456732331462,49032.01529006611
2009Q2,2009,2,153254.64788219135,120058.61603101123,101870.58154535729,18204.911464918936,33083.15124070926,30823.17212042208,24028.16486561217,25672.50388202352,149108.60209883322,123312.87887648442,97955.65467813813,81392.29274912736,16563.36192901077,25357.22419834629,27192.404488141565,20130.849688622904,22658.840217335593,120784.88834777175,2235.6393103448277,2158.67,-1644.3390164113516,-2527.9905287126894,54027.00148851013
2009Q3,2009,3,154800.281908339,123358.44698094616,104015.2237942481,19363.433150173714,31663.90681957385,32017.24655452224,24749.954200770255,26739.44957445786,154402.16390151772,131332.22643663158,99381.25803336753,83187.48892430378,16193.769109063753,31950.968403264036,29454.88119374543,20172.908049990183,22443.015356936092,129062.11912968566,2017.3793548387098,1922.0,-1989.495373687605,-2270.107306945909,63975.13626781623
2009Q4,2009,4,168145.99695016764,142784.5239269832,112643.79992711202,30166.67866776984,26604.208302079704,35760.75282459061,25973.87570254963,29040.903254339453,164292.7409687338,135558.119636864,111586.17518352203,89924.79490002793,21661.380283494105,23971.944453341974,30857.31893316997,21330.330884826555,23831.7763168365,133056.67420485406,1964.651186440678,2044.23,-3067.0275517898226,-2501.4454320099467,67725.34235245614
2010Q1,2010,1,151170.8432970556,121815.43468713816,103799.36101174941,18048.824123722155,29710.02898840926,25624.208045919495,24198.07912464225,26872.720960711897,150431.7248654845,130216.49115784279,99700.97070124597,83724.66840585081,15976.302295395159,30515.520456596816,25658.715259156583,20690.67021520982,21981.51047563062,128925.65089742198,1943.0174137931033,1928.59,-2674.641836069648,-1290.8402604208022,66353.31725912687
2010Q2,2010,2,162607.50427399567,125685.49135959569,106508.91110748393,19218.28716808506,36649.584453412725,33920.14792774431,25176.64579551142,29019.313498632924,156004.20299584756,132773.8526080202,104663.15898330751,86717.05526914929,17946.10371415822,28110.693624712694,29394.081644017708,22377.414915691774,23807.87373021407,131343.3937934979,1949.8415254237286,1916.46,-3842.667703121504,-1430.4588145222951,67361.06092773621
2010Q3,2010,3,164875.48949067137,130093.90896421559,109969.21070739742,20171.205781209195,34768.272439959735,33380.25871669519,25210.557079011607,30983.89572195119,160651.52145567,141508.5348499996,107196.32111729801,89882.99132712722,17313.32979017078,34312.21373270158,31263.15448814639,21576.318564126977,24763.85110717021,138321.00230695636,1832.3564516129034,1799.89,-5773.338642939583,-3187.5325430432313,75488.042834243
2010Q4,2010,4,180663.1629382773,151407.1649890506,119426.51717336928,31924.682926983583,30375.11411821828,40264.38530964101,26617.718000834728,33258.06981870398,173063.550682998,148173.12138413778,122023.54919814848,98395.28499787269,23628.264200275797,26149.572185989302,33611.04860867933,24259.596304971434,26962.7646869851,145469.95300212412,1869.1189830508474,1913.98,-6640.351817869254,-2703.1683820136677,77828.08602408099
2011Q1,2011,1,163099.39600952493,127449.68216548389,108556.09634138168,18936.726635011608,35503.92767585679,30263.715014174075,27426.42466158323,32036.199017430787,160659.87523842824,145443.93279839653,109102.29648805023,91737.22808956863,17365.06839848159,36341.63631034631,30461.66416084557,26672.22324856548,27153.155818308915,144963.0002286531,1877.5537288135592,1879.47,-4609.774355847556,-480.93256974343603,77208.44309486491
2011Q2,2011,2,176876.0570063882,133770.0891127344,113235.77853550982,20583.608066798282,42885.83807734069,36864.72421414774,28064.06135534609,35552.833244649286,166585.3291953743,149986.0504073566,116897.30879205918,97016.71025188499,19880.598540174193,33088.74161529743,32755.07366128256,29881.024621892524,30606.2923251592,149260.78270408994,1798.537,1780.16,-7488.771889303196,-725.2677032666761,82990.10957466537
2011Q3,2011,3,180404.7397418364,137251.26113861726,115730.80284644966,21569.322124384606,42623.77668285835,38555.824463466786,28190.064502382706,37143.51791138213,173372.35528380543,161085.41587416825,119586.4987085646,100389.91123874199,19196.587469822607,41498.91716560364,34840.265078661476,29237.072500766648,32035.702708224602,158286.7856667103,1796.0733870967742,1915.1,-8953.453408999423,-2798.6302074579544,88129.35306756574
2011Q4,2011,4,194565.80724225048,160521.96758316443,126368.32227665886,34061.343173805515,34838.457563944154,43769.73630821141,29927.44948068797,39703.449826537784,184010.44028239194,168186.60092007933,136767.89601132597,110575.15041980438,26192.745591521587,31418.704908753374,37606.99709921037,33535.679628775346,35209.84914830728,166512.4314005474,1920.8529824561404,1942.7,-9776.000345849814,-1674.1695195319335,86686.71310161002
2012Q1,2012,1,174812.4659443938,136261.93698726763,116518.98021713775,19737.409138698913,38420.05851282543,31661.21157558148,29769.724501654022,36718.513141960546,170516.6093956681,161372.3970654873,121967.62853390398,103079.3876723381,18888.240861565882,39404.76853158334,32924.6847845164,31493.5287408964,31493.14749772922,161372.7783086545,1795.4644999999998,1792.07,-6948.788640306524,0.38124316717949114,89878.01112673322
2012Q2,2012,2,188008.5351240196,140708.43409782782,119286.48355207173,21432.211168560196,47146.29599407692,39745.51990322161,28695.080304655316,38996.59158005852,174658.1158414345,164326.01114363616,127727.32920870537,106225.06947308495,21502.259735620413,36598.6819349308,35294.04736323376,31297.089873894187,33118.7802320568,162504.32078547354,1786.155344827586,1784.6,-10301.511275403205,-1821.6903581626138,90979.94822010273
2012Q3,2012,3,186033.63766328778,144495.54321546826,122173.0814655494,22341.317636376163,41460.76077553371,39330.24780917319,30038.436765734208,40953.575942859854,177268.44995332355,171526.74424634792,130061.23326988173,109448.1161415525,20613.11712832923,41465.510976466176,35651.09093597275,30503.010989546096,34444.61577238194,167585.13946351205,1798.3840677966102,1800.52,-10915.139177125646,-3941.604782835846,93186.51252779295
2012Q4,2012,4,201113.36126829888,168228.08569943634,132047.45476524104,36214.06205636473,33323.884717563924,43700.02071202373,30186.75842795646,41308.31933512109,188971.82480957385,177364.84754452933,147504.8089875089,118693.42671302447,28811.382274484436,29860.03855702043,36931.1769162771,32084.370395663314,34404.456497832034,175044.7614423606,1806.4788135593221,1768.23,-11121.560907164625,-2320.0861021687197,96898.31960855842
2013Q1,2013,1,182393.40452078753,142835.10566275395,121787.0375010591,21042.749682923804,39587.914955691434,34741.94222051481,28895.46989931417,39193.370741084545,174578.04238681134,171121.34238926764,130800.04566561604,109997.16614671958,20802.87951889646,40321.29672365161,34200.72919181868,29432.71835960357,32232.36386928164,168321.69687958958,1791.0287719298246,1832.2,-10297.900841770377,-2799.64550967807,93980.45386966274
2013Q2,2013,2,198564.8710468733,149048.09012336872,125697.13081553468,23358.57183028154,49537.53174149329,42393.65346813051,31197.57529509671,42788.5366321929,184043.0245669613,176575.2741394961,138780.8348538445,114486.59276046124,24294.242093383273,37794.43928565158,37415.80254991885,33083.37467786473,35368.2780168142,174290.37080054663,1861.7543333333333,1929.0,-11590.961337096192,-2284.9033389494653,93616.20256765705
2013Q3,2013,3,200275.98344735173,151944.0261419727,127427.93661778209,24528.876757934202,48137.97683698416,40952.68985471172,30326.538409095057,44415.279619751906,188345.14461420866,188424.46343511663,140286.68849667962,116930.96886519769,23355.71963148193,48137.77493843701,37200.391658627166,32021.785494605607,36956.888597313686,183489.36033240854,1906.8925000000002,1914.65,-14088.741210656848,-4935.103102708079,96224.28130186077
2013Q4,2013,4,212902.7409849874,177438.7780719047,137786.8950656241,39665.80172886047,35605.5764658311,49444.71445664296,33821.41639649407,45045.81300697067,200972.78843201874,190923.9200361201,158773.4309838598,126558.27222762152,32215.158756238277,32150.48905226028,43559.076599635315,34616.121467926096,37548.469516590485,187991.57198745568,1913.0850819672132,1926.83,-11224.3966104766,-2932.3480486643894,98266.18468748142
2014Q1,2014,1,195439.590945741,149686.06931906272,126810.99338769905,22883.844550891805,45621.39853410408,38898.452922625205,30502.450385273896,42509.442874592256,186100.21812101797,189894.25714530994,140035.75726579392,117346.54587596716,22689.21138982676,49858.499879516035,38634.04580849175,31030.197553644284,36491.797163966854,184432.6575349874,2008.882931034483,1965.32,-12006.99248931836,-5461.59961032257,91808.56419543223
2014Q2,2014,2,209079.40402974273,154955.2736206593,130399.77276805867,24577.397360006715,54366.00256915704,45795.09399065218,30298.845503538396,45820.85152375299,190347.0900919258,191855.49557361644,146821.50494203297,122611.58888754756,24209.91605448542,45033.99063158346,41967.66837288933,30859.65396010797,38890.42557187191,183824.72396185252,1914.7679661016948,1881.19,-15522.00602021459,-8030.771611763936,96003.65538603827
2014Q3,2014,3,209503.60646765144,158197.4907720196,132771.01087259408,25455.193749865084,51206.56064500939,46745.95064380019,31231.104330311915,46418.098746764226,196605.8725837215,201714.14409876138,149642.44032058795,125576.42423309947,24066.016087488464,52071.703778173425,45246.899249501526,32167.49503752644,39136.25490711115,194745.38422917668,1910.5959016393444,2028.48,-15186.994416452311,-6968.759869584708,101929.13324166545
2014Q4,2014,4,227658.39855686485,185295.16628825836,144502.22297164815,40757.56433923639,42339.038251729464,51517.502442922436,31849.5997808758,49998.60685489052,208535.8192033347,211618.1031823124,175460.29747158496,137759.44100338573,37700.856468199236,36157.80571072745,47105.386569117385,32849.65344872132,44567.522357050104,199900.2342739836,2174.332542372881,2392.46,-18149.007074014717,-11717.868908328783,91936.36685206833
2015Q1,2015,1,201365.2569985125,155721.43098322058,131345.74055103556,24375.408819373883,45629.520550446854,40790.50706233147,30585.323262780268,43154.37939831731,191363.27537481778,204008.3246632145,152321.51816201312,127789.4697032672,24532.048458745918,51686.80650120138,43013.63205022304,29029.755312787438,40920.09864805057,192117.98132795136,2474.603103448276,2576.05,-12569.056135537041,-11890.34333526313,77635.87666250051
2015Q2,2015,2,212547.89623898565,161711.33367200877,134566.0964266184,27145.200185349586,50836.47198982261,48657.8402714901,32190.708488531865,44377.698842412814,196861.40095864589,203655.8763454596,161266.04831442874,133472.48022766062,27793.568086768115,42389.82803103088,45437.58286254808,30461.764325328433,42448.59288067961,191669.04779010845,2496.3787719298243,2585.11,-12186.990353880949,-11986.828555351174,76778.83258153922
2015Q3,2015,3,219441.81803600836,166725.6859833036,137911.62403192217,28814.184010163935,52724.857338992144,48478.48989852097,30319.26260054003,48338.02349677437,203635.77081291782,225640.4617084039,167372.3537792799,138524.30416891936,28848.04961036053,58268.10792912402,48795.046660757725,32533.5281017256,50006.08319320513,208167.9066169244,2936.1187096774192,3121.94,-18018.760896234337,-17472.55509147953,70899.00892998806
2015Q4,2015,4,228151.02872649344,186042.54936146704,147189.53899042387,38853.20698511259,42114.150120738384,50168.16276765745,32840.705648147836,46879.89826249552,212831.55285361854,228201.33728292162,189241.0797442781,151226.74590015277,38014.333844125336,38960.25753864351,50848.73842647115,33910.95226015852,49375.22527806469,212737.06426501545,3063.230338983051,3149.47,-14039.192614347681,-15464.27301790617,69448.60187550935
2016Q1,2016,1,208074.33892428363,158563.97163683255,134710.34129725027,23853.73756902405,49513.56421499652,38485.3678752565,30067.974870508875,42232.18350628617,195907.74050669238,223325.13712399843,166723.44201252467,141630.57072299614,25092.871289528524,56601.695111473746,42611.89449045305,29695.11117392222,46207.546048977565,206812.70224894307,3262.3866666666668,3022.35,-12164.208635777297,-16512.434875055344,63393.068749957
2016Q2,2016,2,213949.7411207951,164095.95938235405,136275.33029513847,27820.673109328105,49853.54234052762,47214.04412634991,30729.535478664446,43640.08783220873,201038.9937938138,223308.73070920602,174711.84174102452,145097.37417399805,29614.46756702648,48596.8889681815,48504.0078362789,30229.993408777023,45729.87443705989,207808.84968092316,2992.998548387097,2916.15,-12910.552353544284,-15499.881028282864,69431.65735677008
2016Q3,2016,3,220373.30715009975,166939.35987818136,138980.60724877872,27958.724279905706,53431.83616816813,45284.07390391402,30634.087832076744,44202.93333239442,206805.58283950313,235615.63925186684,177936.06822125413,149179.57416908612,28756.494052168004,57679.571030612715,47998.3407721119,30690.1272584545,45676.94141051032,220628.82509981105,2948.8298387096775,2879.95,-13568.845500317679,-14986.81415205582,74819.11034797173
2016Q4,2016,4,229697.6128048216,191501.709102632,149772.72115883257,41728.865041742145,38195.05727630771,51675.51409447957,34241.40181874994,46203.79532911068,217736.68285999072,239996.49291492876,202758.6480251967,160617.48093391978,42141.1670912769,37237.84488973207,52037.75690115615,36508.768158846266,47973.638103452235,228531.6229703228,3013.7107017543863,3000.71,-11962.393510360744,-11464.869944605969,75830.64387609817
2017Q1,2017,1,210291.93031860312,160470.84138388842,135913.58178816328,24437.11798370426,49865.41658629696,40404.47852152641,31008.90481179424,43270.78053601585,198002.90169194018,233150.4031993044,175217.58656763044,148299.36169103114,26918.224876599303,57932.81663167395,45423.651124360826,32388.284948294706,44411.310042877216,221127.3781047219,2921.828813559322,2880.24,-12261.875724221612,-12023.02509458251,75681.15458323114
2017Q2,2017,2,216680.1757652847,168618.97204707243,139850.7661967633,28729.99975667088,48068.73681175025,46582.57200822318,31689.325048677292,44758.81872343974,203591.8423623232,233843.30931476422,186324.2000880713,154196.7134582032,32127.486629868108,47519.10922669294,48823.806243551786,32968.102135433095,46042.90275832527,220768.50869187203,2920.2542372881358,3038.26,-13069.493674762449,-13074.800622892173,75599.07143457702
2017Q3,2017,3,223348.93759398846,171932.0942343256,142791.4442614428,29095.947366507073,51447.385225826634,47629.635982540945,31797.10331320911,44860.12642592446,210300.6828523357,248273.67137520283,189506.38435503858,158034.65909216652,31471.725262872074,58767.28702016425,52447.38834435522,34589.72123429323,47048.18138009751,235815.21122939856,2973.3331666666663,2936.67,-13063.023112715353,-12458.460145804274,79310.05306538366
2017Q4,2017,4,231576.95632212376,195951.09233471364,152679.20775363056,43519.9348931178,35446.46137612616,51429.31348770947,34406.66682631936,45185.27431461994,220760.57309340095,251156.61611072806,216559.82898925952,170105.26575859915,46454.56323066037,34596.78712146853,53257.15428773216,39461.89168197897,47858.60581870001,242759.90197400702,2987.632105263158,2984.0,-10778.607488300586,-8396.714136721042,81254.95155389092
2018Q1,2018,1,213668.71855813652,166269.06714194032,140483.36048469017,25738.385342458958,47438.283024786935,39327.69023625468,30290.30721220607,42666.01183610271,201268.44821060167,246072.5831577485,187911.4486255523,158585.32284095787,29326.125784594413,58161.13453219621,46188.206091498076,35019.02761039491,45112.435367819446,235979.17540032396,2856.991551724138,2780.47,-12375.704623896643,-10093.407757424538,82597.08547542438
2018Q2,2018,2,224260.03429754972,175723.42826488242,144733.83413655392,30991.20773738247,48547.999793788,48458.460764800504,31637.209749857277,46805.548346124684,209187.54507868784,249530.80780926917,200649.32021355454,164685.75320651827,35963.56700703626,48881.48759571462,52978.59907283671,37738.34944136689,49758.96963684,237510.18761379606,2840.6938333333333,2930.8,-15168.338596267407,-12020.620195473108,83609.92121952696
2018Q3,2018,3,231147.02525580328,178796.00184759265,147349.3058594639,31447.16978520145,52418.14654630923,48181.442329931444,32292.94023427,47121.11414548739,216359.03079192876,265205.73551752005,203939.06044860568,168621.21144512875,35317.84900347693,61266.67506891436,53788.76695595917,40095.28252064868,51188.87137956089,254112.14665860782,2960.958474576271,2972.18,-14828.173911217385,-11093.588858912211,85820.90861472572
2018Q4,2018,4,243365.2218885104,203859.50274558467,157156.49951929206,46853.237134957126,39203.570635115815,52007.40666901335,35509.542803666656,51820.32567228523,227192.97591878168,273756.87351546175,232699.17071228725,180974.71250739507,51724.45820489219,41057.702803174485,56731.42787970604,44203.34042758953,57770.723615779665,260189.4903272716,3165.8137288135595,3249.75,-16310.782868618575,-13567.383188190135,82187.23924252545
2019Q1,2019,1,223423.39854792968,171813.5429565522,144587.35758870665,27196.719990644346,51679.27528073066,44526.49992179653,32383.563720244932,47737.01679910339,208263.58830459943,265865.3033739758,201253.30623298447,169133.93675923476,32119.36947374971,64611.9971409913,51749.755364054,38541.05905010791,52736.35553708897,251670.0068869947,3133.4396610169492,3174.79,-15353.453078858456,-14195.29648698106,80317.48944076232
2019Q2,2019,2,232655.8895956172,183080.61234332676,149984.3580621312,33111.356680835146,49562.68570561039,48942.6971858579,33754.201475142625,51081.70330698972,215620.26717555753,270488.46010051743,217731.3216914453,177615.86899396527,40115.45269748003,52757.13840907211,56372.56844344358,42457.839879172374,57375.26577596437,255571.03420372543,3240.9415254237288,3205.67,-17327.501831847097,-14917.425896791996,78857.03342651683
2019Q3,2019,3,242127.15282652242,186937.13894270587,153725.83839790005,33220.084643331684,55250.43349673536,48913.6896758027,33131.09127912997,52287.78960399263,223124.45574955601,290322.77038198774,222393.62994172564,183351.63340069563,39041.99654103001,67929.1404402621,57785.554140413755,41820.20942131477,59797.50830426044,272345.47149904206,3339.7251666666666,3462.01,-19156.698324862657,-17977.298882945666,81547.27048120138
2019Q4,2019,4,250928.55902993074,213924.70575741507,165430.44595126208,48623.838685188806,36654.60551692358,49796.11321654289,34462.14352548247,51143.49028991427,234215.6887702871,295113.4661435181,253762.74213384447,197832.56084610434,55930.18128774012,41350.72400967365,59559.122052088685,45392.891649404955,60024.87038268624,280481.48741023685,3409.6245901639345,3277.14,-16681.3467644318,-14631.978733281285,82261.69186466106
2020Q1,2020,1,224619.2411876625,178492.73875429007,151599.83771890326,26866.68260277311,46075.35371542627,39636.46416244746,30089.282428215603,45676.65497602137,208984.3672610599,279349.7051957164,214438.93116254706,182329.82668910729,32109.104473439784,64910.77403316936,47810.86944216927,38340.5112599973,55995.639394682985,261694.57706103072,3544.4669491525424,4064.81,-15587.372547805764,-17655.128134685685,73831.85703666953
2020Q2,2020,2,190733.1401581683,156964.6476006899,124339.01202645297,32677.635611963633,33674.43857792627,27744.58644278334,23187.731109314023,33917.38508262762,179587.94992052202,228970.32854890265,190782.45722506623,151078.42546453304,39704.031760533195,38187.8713238364,35153.82206643942,27559.157566931473,43823.77693458531,212705.70918124882,3850.0299999999997,3758.91,-10729.653973313594,-16264.619367653835,55247.805648592046
2020Q3,2020,3,218543.8429907365,172968.7436239244,140331.20635011749,32667.171677173763,45531.96119093245,36407.213094510626,23824.353761348946,38904.9620376697,202864.1706667569,266356.88420340855,209724.62167900396,169797.09644270057,39927.525236303394,56632.26252440461,45388.39203786962,32197.126806304692,49715.10580366225,248838.90520605104,3730.6661290322577,3878.94,-15080.608276320752,-17517.978997357557,66700.93130810405
2020Q4,2020,4,243663.77566343272,215481.87002109562,166726.9439045263,48859.51010808949,27921.24651571501,42994.73630025856,26594.632701121423,43113.99790368131,226463.51215166118,293797.0820519706,262538.9899333826,202953.65140365908,59585.3385297235,31258.092118588,54986.91645352171,36919.20436676655,55484.47786706945,275231.8085516677,3660.9272881355932,3432.5,-16519.365202559886,-18565.2735003029,75180.90005328556
2021Q1,2021,1,228863.05215091445,184383.49853229205,154416.79812977565,30023.147273203598,44240.554877335664,41623.6762338733,27041.913095974785,43287.182665644876,212118.50664005245,291532.57739470026,229025.98059915824,192402.8820467863,36623.098552371936,62506.59679554202,52077.16127816358,38406.43831573171,56197.361782333006,273741.653928099,3562.1349999999998,3736.91,-16245.26956967009,-17790.923466601293,76847.63601831459
2021Q2,2021,2,236559.49250758748,191510.33536780535,155973.1068341756,35584.19599526506,44827.7421578691,39400.704894606315,26412.121370407367,49494.87739236563,212672.1515113259,298495.7437275223,244327.50144490929,200271.2978491377,44056.20359577158,54168.24228261304,52185.45969529675,41219.65750596703,67039.32968769719,272676.0715457922,3695.272033898305,3756.67,-23082.756021958267,-25819.67218173016,73790.5272046059
2021Q3,2021,3,254910.1570069942,205151.34944565248,168170.24183364765,37034.30977749681,49486.5890579164,41644.303643157014,30083.47714889125,54303.19858342449,229893.55275838362,334921.94013713044,266694.6777161551,220571.95742476167,46122.720291393474,68227.26242097528,54816.427919794194,50886.04057111574,76865.59265122283,308942.38805702335,3847.456612903226,3834.68,-24219.721434533243,-25979.552080107096,80297.82246820469
2021Q4,2021,4,274583.2983345039,242517.81665425017,190277.85320240114,52280.34695403453,32368.113906878847,48621.31522836336,35333.48838472661,57724.74135856501,251558.78909023802,359100.7387406447,318392.8402397773,253820.8626793143,64571.97756046298,40707.898500867435,67398.95110674547,62658.86360718554,84485.71587874698,337273.88646908326,3883.456779661017,3981.16,-22391.252973838396,-21826.852271561438,86848.88376651987
2022Q1,2022,1,258686.31403868707,206010.52314058458,173355.59818893546,32405.161330817147,52350.015341045546,47206.03549247704,31642.30058649328,60097.17550915833,229311.00160365616,365708.24352145806,283663.6399695133,242993.79038811257,40669.8495814007,82044.60355194478,65815.97967172891,63404.89412834479,91855.98675427969,337257.15089552314,3908.4903389830506,3748.15,-28454.874922665054,-28451.092625934893,86288.34195437055
2022Q2,2022,2,269145.7414155216,221009.294876573,181882.0299174086,39061.83558208304,47973.17346226356,43656.03784063418,32988.542680110106,62196.96310172631,239013.84522825145,379792.54036561446,315132.39344440086,263893.166178086,51239.22726631483,64660.14692121359,64024.26604508049,72561.65508031346,98260.34664528263,354093.84880064527,3919.3483333333334,4127.47,-29208.420421616203,-25698.691564969165,90345.08257128934
2022Q3,2022,3,280995.579558154,222958.1578140309,186525.82067623144,36216.02092699373,57661.90706654781,47315.684425392355,34299.01586137546,67259.28621023399,246908.05578446505,416670.9176393952,325647.93475559825,277216.8707609622,48431.06399463607,91022.98288379695,70522.44903314642,79912.45303250772,111204.93941688834,385378.4312550146,4384.34306451613,4532.07,-32960.270348858525,-31292.486384380623,87898.78565251968
2022Q4,2022,4,288085.3649876374,247849.0241688115,199240.55121742448,48768.98216010607,40358.90413014309,52807.242241496424,34753.14087202113,64417.5751788814,257422.09738362732,419325.29847352963,365967.0318304873,300282.1726728392,65684.85915764814,53358.26664304234,80179.30525004417,84049.99775883401,109025.72718354936,394349.5690488143,4811.555789473684,4810.2,-29664.43430686027,-24975.729424715348,81958.84788690158
2023Q1,2023,1,262714.58940624294,210298.41390052048,178431.02450973913,31239.049766119704,52140.52353497686,44783.551830213335,32665.64984236813,59110.86104657014,235748.93524516877,411951.08998776774,319230.2662450862,276119.874965478,43110.39127960819,92720.82374268153,70035.74833072006,73015.72328568547,98534.49759535525,386432.31567809795,4754.554745762712,4627.27,-26445.211204202013,-25518.77430966978,81276.23643885662
2023Q2,2023,2,263719.91513662174,222116.9510284197,183252.6684295159,38779.95770977598,41553.741638340565,38053.90054662497,33508.3904028955,57214.08990361984,239983.68203857203,403697.3200198605,342009.58037981816,286497.29008067155,55512.2902991466,61687.73964004235,60561.03852130367,69093.70629639828,90205.00449134999,382586.0218249088,4424.274482758621,4191.28,-23705.69950072434,-21111.298194951713,86474.2961395919
2023Q3,2023,3,265792.6229088762,223416.6422563078,185662.9582078079,37519.9655775957,42317.11615140741,39822.54839868547,34444.177959453606,54913.95723562779,245804.90840946528,416861.98707487644,348118.6016450651,291696.10687507305,56422.4947699921,68743.38542981131,62188.737174482725,66885.70044385473,81753.21532818337,401994.4721905478,4044.6466666666665,4053.76,-20469.779276174188,-14867.514884328644,99389.26816612274
2023Q4,2023,4,278252.87254825915,248089.99281475207,197460.34885293708,51339.0269465086,30394.618675275167,43847.99922447623,37226.78179528276,57259.091814182255,259305.47430679397,426395.60291749437,389554.5517300302,312427.7280787774,77126.82365125282,36841.05118746417,67897.47597349355,73649.86997406148,83858.28258511134,416187.19030644454,4070.2356140350876,3822.05,-20032.310018899494,-10208.412611049862,102251.3755398674
2024Q1,2024,1,256425.6096961733,210280.2202396823,179189.6272906738,30609.063938288902,46049.78450283984,40362.98127479736,32589.736612037483,52552.51608621815,236500.4578859517,419569.8130673075,335632.73753381707,289032.66238330805,46600.075150509,83937.07553349047,64965.01543201321,59392.94372837689,76372.76198164553,402589.99481403886,3921.556206896552,3842.3,-19962.77947418067,-16979.818253268633,102660.77382903082
2024Q2,2024,2,267570.97814757464,225183.15200709974,185291.25956228067,39851.13378978198,42342.659497999965,38158.95688150893,33628.26473032253,57422.49371880036,243822.83983365,430168.2341689146,367590.6115174394,305610.76048660924,61979.8510308302,62577.62265147521,64915.23143022492,64617.114739470526,84280.57894640467,410504.76996198046,3924.2272881355934,4148.04,-23794.22898847783,-19663.464206934143,104607.79659809459
2024Q3,2024,3,275251.0198157929,224980.36413322404,189261.59098109842,35380.28415482733,50160.977135688314,40774.23551291123,34113.57068970509,59552.08095387642,249751.84956036223,457477.70340499486,372399.25922614016,314603.78795560834,57795.471270531845,85078.4441788547,67463.79311876534,69290.70902948397,89922.04840159393,436846.3640328849,4094.898166666667,4164.21,-25438.51026417133,-20631.339372109956,106680.64167966526
2024Q4,2024,4,288475.39234045916,256724.263619994,203280.52216594707,53970.51811710177,31834.578863471845,48326.82633078247,38051.42796793489,61629.90924110506,265414.85272003605,477324.2493587826,426690.3917226033,338913.7891744745,87776.60254812881,50633.857636179324,80494.96001899651,82208.23250266862,96157.61067035589,463374.8711910953,4347.314918032787,4409.15,-23578.481273170168,-13949.378167687275,106588.7518911968
2025Q1,2025,1,267840.8793656214,218025.5158725636,185961.2347888286,31764.184477619612,49687.498509334306,41144.24342844535,33651.52358834948,59221.745443098516,242632.98343363692,467666.22060102463,367048.9845104033,315750.61483210156,51298.36967830172,100617.23609062134,70966.28521194299,66824.93654176604,90079.04425348167,444412.112889309,4185.534827586207,4192.57,-25570.221854749034,-23254.107711715624,106178.0946034084
2025Q2,2025,2,278212.21488164586,233652.06719614592,192014.7014081475,41583.139687280476,44507.05348709365,38968.15845505678,33750.62148944818,63408.012629916855,248985.66441538135,472411.9210262429,397301.78292253346,330130.6601575856,67171.1227649479,75110.13810370945,69175.45382167697,66738.51422183572,97100.88382333812,442049.55142474046,4200.6824137931035,4069.67,-29657.391140468673,-30362.369601502403,105232.79502712551
2025Q3,2025,3,288773.2903802544,237786.525582305,196975.68384216112,40698.21209714674,50879.04820496045,42833.05603655715,35035.36661212746,65475.26430185576,258737.57184249646,506267.8929305895,414324.54602385976,343991.8176764627,70332.72834739709,91943.34690672974,75383.13392720354,70148.82911465187,98756.9893355639,477659.7327096775,4005.5518032786886,3901.29,-30439.8976897283,-28608.160220912032,119249.42084601072
2025Q4,2025,4,295185.30126586655,266461.1278570587,209564.53419000737,57180.694688862866,28873.79156410731,46919.3480281395,38496.496041049,62513.80971033215,271434.7141091751,507728.3225444881,465436.8864056353,367080.06792115496,98356.8184844803,42291.436138852834,81294.5043944909,74083.84827087006,91988.29317993099,489823.8776354271,3823.673220338983,3757.08,-24017.313669283147,-17904.444909060927,128102.96524031999
