scenario,mechanism
Expansion fiscal (+5% G),Aumenta el gasto publico. Bajo movilidad perfecta el producto no cambia (toda la presion va al tipo de cambio); bajo movilidad imperfecta el producto sube y la TRM se aprecia parcialmente.
Contraccion fiscal (-5% G),Reduce gasto publico. Caso simetrico al choque expansivo.
Expansion monetaria (+10% M),"Aumenta la oferta monetaria real. La tasa cae, el peso se deprecia, las exportaciones netas suben y el producto crece. Resultado canonico de Mundell-Fleming flexible."
Subida tasa Banrep (+100 pbs),El Banco intenta restringir. Bajo movilidad perfecta el efecto se neutraliza por flujos de capital (la tasa vuelve al valor de UIP); bajo movilidad imperfecta el peso se aprecia y el producto cae.
Subida tasa Fed (+100 pbs),Aumenta el rendimiento externo. La paridad de intereses obliga a que la tasa local suba y el peso se deprecie para mantener el equilibrio externo.
Subida prima de riesgo (+150 pbs),Los inversionistas exigen mas retorno para mantener activos colombianos; el peso se deprecia y la tasa local sube.
Caida petroleo (-15%),Caen exportaciones de hidrocarburos. La cuenta corriente empeora y el peso se deprecia.
Mejora externa (+2% PIB en NX),Mejoras autonomas en terminos de intercambio o demanda externa. Aprecia el peso y mejora la cuenta corriente.
Deterioro externo (-2% PIB en NX),Caso simetrico: deterioro de terminos de intercambio o demanda externa. Depreciacion y mayor deficit externo.
